min,max,count,factor
0,100,531523126,531.523126
100,500,33059825,33.059825
500,1000,5766061,5.766061
1000,10000,8449417,8.449417
10000,1000000000,1284194,1.284194
