top,volume
Top 50,0.04850407615010434
Top 500,0.08419848637907235
Top 2000,0.12209819794391787
Top 10k,0.18834987335575226
